# time[s], FWHM ch1[µm],FWHM ch2[µm],FWHM ch3[µm]
 -86.62560,   0.00000,   0.50903,   0.41397
 -86.25120,   0.00000,   0.50903,   0.41397
 -85.87680,   0.00000,   0.50903,   0.41397
 -85.50240,   0.00000,   0.50903,   0.41397
 -85.12800,   0.00000,   0.50903,   0.41397
 -84.75360,   0.00000,   0.50903,   0.41397
 -84.37920,   0.00000,   0.50903,   0.41397
 -84.00480,   0.00000,   0.50842,   0.41397
 -83.63040,   0.00000,   0.50842,   0.41070
 -83.25600,   0.00000,   0.50842,   0.41070
 -82.88160,   0.00000,   0.50842,   0.40893
 -82.50720,   0.00000,   0.50842,   0.40858
 -82.13280,   0.00000,   0.50842,   0.40858
 -81.75840,   0.00000,   0.50842,   0.40858
 -81.38400,   0.00000,   0.50842,   0.40835
 -81.00960,   0.00000,   0.49968,   0.40835
 -80.63520,   0.00000,   0.49937,   0.40835
 -80.26080,   0.00000,   0.49040,   0.40835
 -79.88640,   0.00000,   0.47408,   0.40835
 -79.51200,   0.04160,   0.46094,   0.40835
 -79.13760,   0.04160,   0.45765,   0.40858
 -78.76320,   0.04160,   0.44487,   0.40893
 -78.38880,   0.04160,   0.43528,   0.40893
 -78.01440,   0.06668,   0.43321,   0.41050
 -77.64000,   0.07641,   0.38856,   0.41070
 -77.26560,   0.07712,   0.37897,   0.41264
 -76.89120,   0.07807,   0.37476,   0.41397
 -76.51680,   0.07852,   0.37476,   0.41411
 -76.14240,   0.07974,   0.34908,   0.41426
 -75.76800,   0.07974,   0.33941,   0.41426
 -75.39360,   0.08536,   0.33567,   0.41426
 -75.01920,   0.07974,   0.31616,   0.41426
 -74.64480,   0.08536,   0.31616,   0.41426
 -74.27040,   0.07974,   0.31616,   0.41513
 -73.89600,   0.07974,   0.31616,   0.41513
 -73.52160,   0.08536,   0.31616,   0.41513
 -73.14720,   0.14578,   0.31616,   0.41513
 -72.77280,   0.08536,   0.31616,   0.41513
 -72.39840,   0.08536,   0.31616,   0.41426
 -72.02400,   0.08536,   0.31616,   0.41411
 -71.64960,   0.08536,   0.31616,   0.41411
 -71.27520,   0.14578,   0.31616,   0.41397
 -70.90080,   0.14578,   0.31616,   0.41264
 -70.52640,   0.16894,   0.31616,   0.41264
 -70.15200,   0.16894,   0.31616,   0.41264
 -69.77760,   0.19859,   0.31616,   0.41264
 -69.40320,   0.19859,   0.31616,   0.41264
 -69.02880,   0.22378,   0.31575,   0.41179
 -68.65440,   0.22378,   0.31575,   0.41264
 -68.28000,   0.22378,   0.31575,   0.41411
 -67.90560,   0.22378,   0.31283,   0.41411
 -67.53120,   0.22378,   0.31616,   0.41411
 -67.15680,   0.22378,   0.31283,   0.41411
 -66.78240,   0.22378,   0.30804,   0.41426
 -66.40800,   0.24245,   0.30804,   0.41426
 -66.03360,   0.24245,   0.31283,   0.41513
 -65.65920,   0.24245,   0.31616,   0.41557
 -65.28480,   0.24245,   0.32228,   0.41513
 -64.91040,   0.24245,   0.32481,   0.41513
 -64.53600,   0.22378,   0.32997,   0.41513
 -64.16160,   0.22378,   0.33567,   0.41557
 -63.78720,   0.19859,   0.34157,   0.41576
 -63.41280,   0.22378,   0.34970,   0.41576
 -63.03840,   0.22378,   0.37147,   0.41576
 -62.66400,   0.24245,   0.37147,   0.41576
 -62.28960,   0.28353,   0.37147,   0.41576
 -61.91520,   0.30238,   0.37147,   0.41576
 -61.54080,   0.30238,   0.37147,   0.41576
 -61.16640,   0.30238,   0.37147,   0.41576
 -60.79200,   0.30238,   0.38299,   0.41689
 -60.41760,   0.30238,   0.38299,   0.41689
 -60.04320,   0.30238,   0.38299,   0.41689
 -59.66880,   0.30238,   0.38299,   0.41689
 -59.29440,   0.30551,   0.39648,   0.41689
 -58.92000,   0.30551,   0.39648,   0.41576
 -58.54560,   0.30704,   0.39648,   0.41576
 -58.17120,   0.35023,   0.39648,   0.41576
 -57.79680,   0.35023,   0.38299,   0.41576
 -57.42240,   0.37824,   0.39648,   0.46495
 -57.04800,   0.35023,   0.40444,   0.46629
 -56.67360,   0.30704,   0.41341,   0.46629
 -56.29920,   0.35023,   0.41495,   0.46663
 -55.92480,   0.37824,   0.41495,   0.46629
 -55.55040,   0.37824,   0.41495,   0.46629
 -55.17600,   0.37824,   0.41495,   0.46706
 -54.80160,   0.30704,   0.41495,   0.46706
 -54.42720,   0.30551,   0.41495,   0.46785
 -54.05280,   0.30551,   0.41495,   0.46785
 -53.67840,   0.30238,   0.41495,   0.46792
 -53.30400,   0.30238,   0.41495,   0.46929
 -52.92960,   0.30238,   0.41495,   0.46792
 -52.55520,   0.30551,   0.41495,   0.46946
 -52.18080,   0.30551,   0.41495,   0.47086
 -51.80640,   0.30551,   0.41495,   0.47086
 -51.43200,   0.30551,   0.41341,   0.46946
 -51.05760,   0.30551,   0.41341,   0.46946
 -50.68320,   0.30704,   0.41341,   0.46946
 -50.30880,   0.37824,   0.41495,   0.47008
 -49.93440,   0.38811,   0.41891,   0.47086
 -49.56000,   0.38811,   0.46671,   0.47167
 -49.18560,   0.38811,   0.46671,   0.47174
 -48.81120,   0.43872,   0.46849,   0.47247
 -48.43680,   0.48432,   0.46958,   0.47264
 -48.06240,   0.43872,   0.47437,   0.47312
 -47.68800,   0.43872,   0.51064,   0.47312
 -47.31360,   0.48432,   0.51213,   0.47264
 -46.93920,   0.48595,   0.51336,   0.47264
 -46.56480,   0.59978,   0.53535,   0.47264
 -46.19040,   0.59978,   0.53835,   0.47312
 -45.81600,   0.59978,   0.54565,   0.47312
 -45.44160,   0.48595,   0.55998,   0.47264
 -45.06720,   0.48595,   0.56026,   0.47247
 -44.69280,   0.51535,   0.55998,   0.47174
 -44.31840,   0.53903,   0.55998,   0.47167
 -43.94400,   0.51535,   0.56026,   0.47174
 -43.56960,   0.48595,   0.56026,   0.47167
 -43.19520,   0.48595,   0.56026,   0.47008
 -42.82080,   0.48595,   0.56622,   0.47008
 -42.44640,   0.48432,   0.56655,   0.47008
 -42.07200,   0.37824,   0.56655,   0.47008
 -41.69760,   0.26722,   0.58161,   0.47167
 -41.32320,   0.25976,   0.61494,   0.47174
 -40.94880,   0.25976,   0.62097,   0.47247
 -40.57440,   0.25976,   0.62116,   0.47247
 -40.20000,   0.25976,   0.62312,   0.47264
 -39.82560,   0.25976,   0.62312,   0.47264
 -39.45120,   0.25976,   0.62312,   0.47247
 -39.07680,   0.24543,   0.62312,   0.47174
 -38.70240,   0.23668,   0.62312,   0.47167
 -38.32800,   0.23668,   0.62312,   0.47130
 -37.95360,   0.23668,   0.62312,   0.47130
 -37.57920,   0.22495,   0.62312,   0.47008
 -37.20480,   0.21044,   0.62312,   0.47130
 -36.83040,   0.21044,   0.62116,   0.47167
 -36.45600,   0.22495,   0.62097,   0.47167
 -36.08160,   0.23175,   0.62097,   0.47167
 -35.70720,   0.23175,   0.61494,   0.47130
 -35.33280,   0.23175,   0.61494,   0.47167
 -34.95840,   0.23175,   0.61494,   0.47167
 -34.58400,   0.23175,   0.59531,   0.47130
 -34.20960,   0.23175,   0.58161,   0.47130
 -33.83520,   0.22495,   0.58161,   0.47130
 -33.46080,   0.22495,   0.58161,   0.47130
 -33.08640,   0.22495,   0.59531,   0.47130
 -32.71200,   0.22495,   0.61494,   0.47167
 -32.33760,   0.21466,   0.61494,   0.47264
 -31.96320,   0.21466,   0.61494,   0.47302
 -31.58880,   0.21466,   0.62097,   0.47312
 -31.21440,   0.21466,   0.62097,   0.47312
 -30.84000,   0.21466,   0.62116,   0.47384
 -30.46560,   0.22495,   0.62312,   0.47384
 -30.09120,   0.21466,   0.62696,   0.47302
 -29.71680,   0.20196,   0.62696,   0.47130
 -29.34240,   0.20196,   0.63279,   0.41559
 -28.96800,   0.21466,   0.63420,   0.41559
 -28.59360,   0.20196,   0.63279,   0.47130
 -28.21920,   0.19953,   0.63279,   0.47130
 -27.84480,   0.19723,   0.63279,   0.47302
 -27.47040,   0.19314,   0.63062,   0.47302
 -27.09600,   0.17709,   0.62696,   0.47411
 -26.72160,   0.17709,   0.62116,   0.47411
 -26.34720,   0.19314,   0.62116,   0.47411
 -25.97280,   0.17709,   0.62116,   0.47411
 -25.59840,   0.17709,   0.62116,   0.47411
 -25.22400,   0.14571,   0.60875,   0.47302
 -24.84960,   0.17709,   0.60398,   0.47302
 -24.47520,   0.17709,   0.60398,   0.47302
 -24.10080,   0.14571,   0.60095,   0.47302
 -23.72640,   0.17709,   0.59531,   0.47302
 -23.35200,   0.19314,   0.59531,   0.47149
 -22.97760,   0.19314,   0.58005,   0.47130
 -22.60320,   0.17709,   0.57769,   0.47033
 -22.22880,   0.17709,   0.55014,   0.47033
 -21.85440,   0.17709,   0.55014,   0.47033
 -21.48000,   0.17709,   0.54971,   0.47026
 -21.10560,   0.14571,   0.54971,   0.46997
 -20.73120,   0.14571,   0.55014,   0.46997
 -20.35680,   0.17709,   0.57769,   0.46997
 -19.98240,   0.19314,   0.58005,   0.46997
 -19.60800,   0.20196,   0.58036,   0.46971
 -19.23360,   0.21043,   0.58036,   0.46971
 -18.85920,   0.21466,   0.58036,   0.46971
 -18.48480,   0.22552,   0.58036,   0.46971
 -18.11040,   0.23026,   0.58036,   0.46971
 -17.73600,   0.23026,   0.58036,   0.46846
 -17.36160,   0.23026,   0.59431,   0.46971
 -16.98720,   0.23465,   0.60095,   0.46986
 -16.61280,   0.25133,   0.60398,   0.46986
 -16.23840,   0.27100,   0.60398,   0.46986
 -15.86400,   0.27100,   0.60702,   0.46986
 -15.48960,   0.27100,   0.60875,   0.46997
 -15.11520,   0.28960,   0.60875,   0.46997
 -14.74080,   0.28960,   0.60875,   0.46986
 -14.36640,   0.28960,   0.60875,   0.46986
 -13.99200,   0.29400,   0.60875,   0.46971
 -13.61760,   0.29400,   0.61148,   0.46850
 -13.24320,   0.29400,   0.61148,   0.46850
 -12.86880,   0.29400,   0.60702,   0.46846
 -12.49440,   0.29400,   0.60702,   0.46846
 -12.12000,   0.29400,   0.59431,   0.46832
 -11.74560,   0.29400,   0.58755,   0.46832
 -11.37120,   0.30051,   0.58755,   0.46832
 -10.99680,   0.34133,   0.58903,   0.46832
 -10.62240,   0.34246,   0.58903,   0.46832
 -10.24800,   0.35403,   0.58903,   0.46832
  -9.87360,   0.37414,   0.58903,   0.46798
  -9.49920,   0.38869,   0.58903,   0.46762
  -9.12480,   0.40149,   0.58903,   0.46759
  -8.75040,   0.47128,   0.59431,   0.46748
  -8.37600,   0.49966,   0.60702,   0.46741
  -8.00160,   0.47128,   0.61148,   0.46741
  -7.62720,   0.40149,   0.61148,   0.46737
  -7.25280,   0.40149,   0.61148,   0.46737
  -6.87840,   0.38869,   0.61148,   0.46737
  -6.50400,   0.40149,   0.61148,   0.46737
  -6.12960,   0.40149,   0.61148,   0.46602
  -5.75520,   0.47128,   0.60702,   0.46538
  -5.38080,   0.47128,   0.60702,   0.46538
  -5.00640,   0.40149,   0.61148,   0.46512
  -4.63200,   0.38869,   0.61148,   0.46316
  -4.25760,   0.38869,   0.62232,   0.46316
  -3.88320,   0.38869,   0.62596,   0.46291
  -3.50880,   0.38869,   0.63177,   0.46257
  -3.13440,   0.38869,   0.63177,   0.46256
  -2.76000,   0.38869,   0.63795,   0.46256
  -2.38560,   0.38869,   0.63795,   0.46222
  -2.01120,   0.37414,   0.64308,   0.45993
  -1.63680,   0.35403,   0.64932,   0.45976
  -1.26240,   0.34246,   0.66620,   0.45947
  -0.88800,   0.34246,   0.66620,   0.45947
  -0.51360,   0.35403,   0.66620,   0.45976
  -0.13920,   0.34246,   0.66620,   0.45976
   0.23520,   0.30526,   0.66620,   0.45976
   0.60960,   0.30051,   0.66620,   0.45976
   0.98400,   0.30051,   0.66620,   0.45976
   1.35840,   0.30051,   0.66620,   0.45976
   1.73280,   0.27909,   0.65190,   0.45947
   2.10720,   0.27909,   0.64932,   0.45947
   2.48160,   0.27909,   0.64932,   0.45947
   2.85600,   0.30051,   0.64932,   0.45947
   3.23040,   0.30051,   0.64308,   0.45947
   3.60480,   0.30051,   0.63795,   0.45947
   3.97920,   0.30526,   0.63177,   0.45976
   4.35360,   0.33493,   0.62596,   0.45976
   4.72800,   0.33493,   0.62328,   0.45976
   5.10240,   0.33493,   0.62090,   0.45976
   5.47680,   0.34246,   0.62090,   0.45976
   5.85120,   0.34246,   0.62204,   0.45976
   6.22560,   0.34246,   0.62204,   0.45993
   6.60000,   0.34246,   0.62204,   0.45993
   6.97440,   0.34246,   0.62204,   0.45993
   7.34880,   0.35715,   0.62328,   0.45993
   7.72320,   0.37275,   0.62328,   0.45993
   8.09760,   0.37275,   0.62328,   0.45993
   8.47200,   0.37275,   0.62328,   0.45993
   8.84640,   0.37275,   0.62328,   0.46128
   9.22080,   0.37275,   0.62328,   0.46169
   9.59520,   0.37275,   0.62328,   0.46178
   9.96960,   0.37275,   0.62328,   0.46194
  10.34400,   0.37275,   0.62328,   0.46200
  10.71840,   0.46865,   0.62328,   0.46251
  11.09280,   0.46865,   0.62596,   0.46363
  11.46720,   0.47193,   0.65190,   0.46363
  11.84160,   0.55305,   0.65190,   0.46394
  12.21600,   0.55305,   0.65190,   0.46408
  12.59040,   0.55305,   0.65190,   0.46419
  12.96480,   0.55305,   0.65190,   0.46426
  13.33920,   0.73017,   0.65190,   0.46462
  13.71360,   0.74630,   0.65190,   0.46484
  14.08800,   0.83567,   0.62328,   0.46497
  14.46240,   0.83567,   0.62204,   0.46498
  14.83680,   0.92513,   0.62090,   0.46513
  15.21120,   0.93110,   0.61192,   0.46515
  15.58560,   0.94691,   0.61192,   0.46598
  15.96000,   1.07658,   0.60756,   0.46657
  16.33440,   1.12129,   0.60069,   0.46687
  16.70880,   1.12129,   0.60002,   0.46701
  17.08320,   1.12129,   0.59389,   0.46743
  17.45760,   1.12129,   0.58141,   0.46826
  17.83200,   1.12129,   0.57200,   0.46876
  18.20640,   1.12129,   0.57137,   0.46932
  18.58080,   1.18706,   0.56409,   0.47177
  18.95520,   1.18706,   0.56409,   0.47410
  19.32960,   1.27033,   0.56409,   0.47556
  19.70400,   1.27033,   0.56409,   0.47601
  20.07840,   1.27033,   0.56409,   0.47671
  20.45280,   1.27033,   0.56409,   0.47836
  20.82720,   1.27033,   0.56409,   0.47875
  21.20160,   1.27033,   0.56409,   0.47993
  21.57600,   1.27033,   0.56409,   0.48016
  21.95040,   1.27033,   0.56409,   0.48028
  22.32480,   1.27033,   0.56409,   0.48028
  22.69920,   1.27033,   0.56409,   0.48041
  23.07360,   1.27033,   0.57137,   0.48071
  23.44800,   1.27033,   0.57137,   0.48080
  23.82240,   1.27033,   0.60002,   0.48083
  24.19680,   1.27033,   0.60069,   0.48091
  24.57120,   1.27033,   0.60002,   0.48108
  24.94560,   1.01829,   0.60002,   0.48180
  25.32000,   0.94691,   0.57137,   0.48201
  25.69440,   0.86378,   0.57137,   0.48201
  26.06880,   0.84610,   0.56409,   0.48201
  26.44320,   0.83567,   0.56184,   0.48201
  26.81760,   0.75713,   0.54291,   0.48201
  27.19200,   0.73017,   0.53306,   0.48201
  27.56640,   0.72481,   0.50932,   0.48201
  27.94080,   0.71030,   0.50840,   0.48201
  28.31520,   0.67827,   0.49971,   0.48201
  28.68960,   0.67320,   0.49708,   0.48201
  29.06400,   0.66283,   0.49299,   0.48201
  29.43840,   0.66283,   0.48857,   0.48201
  29.81280,   0.67320,   0.48843,   0.48209
  30.18720,   0.67320,   0.48598,   0.48231
  30.56160,   0.67320,   0.48598,   0.48248
  30.93600,   0.66283,   0.48598,   0.48254
  31.31040,   0.59156,   0.48598,   0.48254
  31.68480,   0.57828,   0.48843,   0.48258
  32.05920,   0.57359,   0.48857,   0.48258
  32.43360,   0.50110,   0.48857,   0.48268
  32.80800,   0.47566,   0.49299,   0.48258
  33.18240,   0.47566,   0.49299,   0.48258
  33.55680,   0.47464,   0.49299,   0.48258
  33.93120,   0.44973,   0.49299,   0.48258
  34.30560,   0.39139,   0.49299,   0.48297
  34.68000,   0.39139,   0.49299,   0.48301
  35.05440,   0.39139,   0.49708,   0.48301
  35.42880,   0.39139,   0.50840,   0.48310
  35.80320,   0.39139,   0.50932,   0.48310
  36.17760,   0.44973,   0.53306,   0.48339
  36.55200,   0.47464,   0.54291,   0.48343
  36.92640,   0.47566,   0.54923,   0.48343
  37.30080,   0.47566,   0.58820,   0.48381
  37.67520,   0.50110,   0.60325,   0.48433
  38.04960,   0.50110,   0.61309,   0.48446
  38.42400,   0.48016,   0.61919,   0.48452
  38.79840,   0.47566,   0.61919,   0.48477
  39.17280,   0.47464,   0.61919,   0.48488
  39.54720,   0.44973,   0.61309,   0.48492
  39.92160,   0.44973,   0.60325,   0.48501
  40.29600,   0.44973,   0.58820,   0.48501
  40.67040,   0.43103,   0.57075,   0.48501
  41.04480,   0.36550,   0.57075,   0.48501
  41.41920,   0.36550,   0.57075,   0.48492
  41.79360,   0.36550,   0.56992,   0.48488
  42.16800,   0.36550,   0.56992,   0.48477
  42.54240,   0.34927,   0.56992,   0.48477
  42.91680,   0.34927,   0.56992,   0.48477
  43.29120,   0.33773,   0.57075,   0.48477
  43.66560,   0.33773,   0.58820,   0.48477
  44.04000,   0.33773,   0.60325,   0.48477
  44.41440,   0.33773,   0.61309,   0.48492
  44.78880,   0.34927,   0.61309,   0.48500
  45.16320,   0.36550,   0.61309,   0.48501
  45.53760,   0.36550,   0.61309,   0.48552
  45.91200,   0.36550,   0.61309,   0.48598
  46.28640,   0.38742,   0.61309,   0.48626
  46.66080,   0.43103,   0.61919,   0.48635
  47.03520,   0.43103,   0.61924,   0.48667
  47.40960,   0.38742,   0.61924,   0.48670
  47.78400,   0.38742,   0.61924,   0.48739
  48.15840,   0.38742,   0.61924,   0.48765
  48.53280,   0.38742,   0.61924,   0.48770
  48.90720,   0.38742,   0.62458,   0.48774
  49.28160,   0.38742,   0.62458,   0.48776
  49.65600,   0.38742,   0.62458,   0.48774
  50.03040,   0.36550,   0.62458,   0.48770
  50.40480,   0.36550,   0.62458,   0.48770
  50.77920,   0.38742,   0.61924,   0.48739
  51.15360,   0.43103,   0.61924,   0.48739
  51.52800,   0.43103,   0.61924,   0.48770
  51.90240,   0.43103,   0.61919,   0.48770
  52.27680,   0.43103,   0.61792,   0.48774
  52.65120,   0.43103,   0.61792,   0.48814
  53.02560,   0.43103,   0.61792,   0.48829
  53.40000,   0.38742,   0.61792,   0.48900
  53.77440,   0.36550,   0.61792,   0.48966
  54.14880,   0.34927,   0.61792,   0.49091
  54.52320,   0.33773,   0.61531,   0.49178
  54.89760,   0.32876,   0.61531,   0.49195
  55.27200,   0.31412,   0.61792,   0.49214
  55.64640,   0.31016,   0.61817,   0.49291
  56.02080,   0.31016,   0.61817,   0.49382
  56.39520,   0.31016,   0.61817,   0.49724
  56.76960,   0.31016,   0.61817,   0.49773
  57.14400,   0.31016,   0.61817,   0.49924
  57.51840,   0.31016,   0.62209,   0.50031
  57.89280,   0.31016,   0.62289,   0.50191
  58.26720,   0.31016,   0.62576,   0.50233
  58.64160,   0.31016,   0.62660,   0.50269
  59.01600,   0.31412,   0.62699,   0.50333
  59.39040,   0.32876,   0.62699,   0.50333
  59.76480,   0.34973,   0.62660,   0.50333
  60.13920,   0.34973,   0.62576,   0.50333
  60.51360,   0.38742,   0.62660,   0.50353
  60.88800,   0.44315,   0.62660,   0.50391
  61.26240,   0.45848,   0.62660,   0.50411
  61.63680,   0.46409,   0.62660,   0.50428
  62.01120,   0.54122,   0.63428,   0.50457
  62.38560,   0.56143,   0.63428,   0.50476
  62.76000,   0.64472,   0.63428,   0.50497
  63.13440,   0.66819,   0.63428,   0.50563
  63.50880,   0.68986,   0.64148,   0.50563
  63.88320,   0.70632,   0.64329,   0.50630
  64.25760,   0.70632,   0.64430,   0.50646
  64.63200,   0.70632,   0.64431,   0.50650
  65.00640,   0.70632,   0.64893,   0.50656
  65.38080,   0.70632,   0.65204,   0.50656
  65.75520,   0.70632,   0.65332,   0.50656
  66.12960,   0.70632,   0.65562,   0.50656
  66.50400,   0.70632,   0.65562,   0.50656
  66.87840,   0.68986,   0.65562,   0.50656
  67.25280,   0.66819,   0.65562,   0.50656
  67.62720,   0.64472,   0.65657,   0.50656
  68.00160,   0.59882,   0.66108,   0.50656
  68.37600,   0.59510,   0.66517,   0.50656
  68.75040,   0.59882,   0.66539,   0.50656
  69.12480,   0.59882,   0.68133,   0.50656
  69.49920,   0.59882,   0.68699,   0.50656
  69.87360,   0.61619,   0.68699,   0.50656
  70.24800,   0.64472,   0.68133,   0.50656
  70.62240,   0.66819,   0.68133,   0.50656
  70.99680,   0.68986,   0.68133,   0.50656
  71.37120,   0.68986,   0.68133,   0.50656
  71.74560,   0.70632,   0.68133,   0.50656
  72.12000,   0.73874,   0.68133,   0.50646
  72.49440,   0.74635,   0.68133,   0.50630
  72.86880,   0.75659,   0.68133,   0.50476
  73.24320,   0.81409,   0.68133,   0.50466
  73.61760,   0.81409,   0.68699,   0.50457
  73.99200,   0.81409,   0.69704,   0.50453
  74.36640,   0.81409,   0.69704,   0.50453
  74.74080,   0.81409,   0.69704,   0.50438
  75.11520,   0.75659,   0.69704,   0.50352
  75.48960,   0.75659,   0.69704,   0.50322
  75.86400,   0.75659,   0.69704,   0.50232
  76.23840,   0.75659,   0.69704,   0.50231
  76.61280,   0.75659,   0.69704,   0.50172
  76.98720,   0.75659,   0.69143,   0.50172
  77.36160,   0.75659,   0.68699,   0.50170
  77.73600,   0.75659,   0.68699,   0.50157
  78.11040,   0.74635,   0.68699,   0.50157
  78.48480,   0.67153,   0.68699,   0.50170
  78.85920,   0.64600,   0.68699,   0.50172
  79.23360,   0.64316,   0.66517,   0.50172
  79.60800,   0.63922,   0.66108,   0.50170
  79.98240,   0.63833,   0.65807,   0.50170
  80.35680,   0.61619,   0.65657,   0.50170
  80.73120,   0.60718,   0.65657,   0.50170
  81.10560,   0.59882,   0.65657,   0.50170
  81.48000,   0.59510,   0.65204,   0.50170
  81.85440,   0.57302,   0.64713,   0.50170
  82.22880,   0.55900,   0.64683,   0.50170
  82.60320,   0.55900,   0.64430,   0.50170
  82.97760,   0.55900,   0.63987,   0.50170
  83.35200,   0.55900,   0.63909,   0.50170
  83.72640,   0.55900,   0.63635,   0.50170
  84.10080,   0.55900,   0.63025,   0.50170
  84.47520,   0.55900,   0.63025,   0.50170
  84.84960,   0.57302,   0.63025,   0.50170
  85.22400,   0.57302,   0.63635,   0.50170
  85.59840,   0.57302,   0.63909,   0.50170
  85.97280,   0.55900,   0.63909,   0.50170
  86.34720,   0.55753,   0.63909,   0.50170
  86.72160,   0.55753,   0.63635,   0.50170
  87.09600,   0.55753,   0.61943,   0.50170
  87.47040,   0.52425,   0.59894,   0.50170
  87.84480,   0.50894,   0.59550,   0.50170
  88.21920,   0.50859,   0.59495,   0.50170
  88.59360,   0.47149,   0.59550,   0.50170
  88.96800,   0.45264,   0.59550,   0.50170
  89.34240,   0.41747,   0.59550,   0.50172
  89.71680,   0.40517,   0.59550,   0.50181
  90.09120,   0.39822,   0.59894,   0.50231
  90.46560,   0.36935,   0.59894,   0.50246
  90.84000,   0.36935,   0.61943,   0.50254
  91.21440,   0.36935,   0.63987,   0.50261
  91.58880,   0.36570,   0.64006,   0.50279
  91.96320,   0.36570,   0.64006,   0.50315
  92.33760,   0.36570,   0.64006,   0.50352
  92.71200,   0.36570,   0.63987,   0.50315
  93.08640,   0.36570,   0.61943,   0.50294
  93.46080,   0.36570,   0.59894,   0.50294
  93.83520,   0.36570,   0.59550,   0.50294
  94.20960,   0.36241,   0.59495,   0.50315
  94.58400,   0.36241,   0.59366,   0.50383
  94.95840,   0.35522,   0.59259,   0.50404
  95.33280,   0.35522,   0.57894,   0.50420
  95.70720,   0.35522,   0.57728,   0.50420
  96.08160,   0.36241,   0.57557,   0.50504
  96.45600,   0.36570,   0.57557,   0.50538
  96.83040,   0.36570,   0.57557,   0.50538
  97.20480,   0.36570,   0.57557,   0.50538
  97.57920,   0.36570,   0.57557,   0.50538
  97.95360,   0.36570,   0.57557,   0.50538
  98.32800,   0.36241,   0.57557,   0.50538
  98.70240,   0.31993,   0.57557,   0.50538
  99.07680,   0.31624,   0.57557,   0.50538
  99.45120,   0.30724,   0.57557,   0.50538
  99.82560,   0.30614,   0.57557,   0.50504
 100.20000,   0.28354,   0.57557,   0.50420
 100.57440,   0.27540,   0.57557,   0.50294
 100.94880,   0.27540,   0.56834,   0.50254
 101.32320,   0.26385,   0.56834,   0.50251
 101.69760,   0.24995,   0.56688,   0.50181
 102.07200,   0.22551,   0.56503,   0.50018
 102.44640,   0.21654,   0.56493,   0.49985
 102.82080,   0.16726,   0.56414,   0.49899
 103.19520,   0.15773,   0.56110,   0.49821
 103.56960,   0.08324,   0.55538,   0.49817
 103.94400,   0.00000,   0.54835,   0.49757
 104.31840,   0.00000,   0.54433,   0.49555
 104.69280,   0.00000,   0.54428,   0.49545
 105.06720,   0.00000,   0.53683,   0.49545
 105.44160,   0.00000,   0.46164,   0.49545
 105.81600,   0.00000,   0.46164,   0.49545
 106.19040,   0.00000,   0.00000,   0.00000
 106.56480,   0.00000,   0.00000,   0.00000
 106.93920,   0.00000,   0.00000,   0.00000
 107.31360,   0.00000,   0.00000,   0.00000
 107.68800,   0.00000,   0.00000,   0.00000
 108.06240,   0.00000,   0.00000,   0.00000
 108.43680,   0.00000,   0.00000,   0.00000
 108.81120,   0.00000,   0.00000,   0.00000
 109.18560,   0.00000,   0.00000,   0.00000
 109.56000,   0.00000,   0.00000,   0.00000
 109.93440,   0.00000,   0.00000,   0.00000
 110.30880,   0.00000,   0.00000,   0.00000
 110.68320,   0.00000,   0.00000,   0.00000
 111.05760,   0.00000,   0.00000,   0.00000
 111.43200,   0.00000,   0.00000,   0.00000
 111.80640,   0.00000,   0.00000,   0.00000
 112.18080,   0.00000,   0.00000,   0.00000
 112.55520,   0.00000,   0.00000,   0.00000
 112.92960,   0.00000,   0.00000,   0.00000
 113.30400,   0.00000,   0.00000,   0.00000
 113.67840,   0.00000,   0.00000,   0.00000
 114.05280,   0.00000,   0.00000,   0.00000
 114.42720,   0.00000,   0.00000,   0.00000
 114.80160,   0.00000,   0.00000,   0.00000
 115.17600,   0.00000,   0.00000,   0.00000
 115.55040,   0.00000,   0.00000,   0.00000
 115.92480,   0.00000,   0.00000,   0.00000
 116.29920,   0.00000,   0.00000,   0.00000
 116.67360,   0.00000,   0.00000,   0.00000
 117.04800,   0.00000,   0.00000,   0.00000
 117.42240,   0.00000,   0.00000,   0.00000
 117.79680,   0.00000,   0.00000,   0.00000
 118.17120,   0.00000,   0.00000,   0.00000
 118.54560,   0.00000,   0.00000,   0.00000
 118.92000,   0.00000,   0.00000,   0.00000
 119.29440,   0.00000,   0.00000,   0.00000
 119.66880,   0.00000,   0.00000,   0.00000
 120.04320,   0.00000,   0.00000,   0.00000
 120.41760,   0.00000,   0.00000,   0.00000
 120.79200,   0.00000,   0.00000,   0.00000
 121.16640,   0.00000,   0.00000,   0.00000
 121.54080,   0.00000,   0.00000,   0.00000
 121.91520,   0.00000,   0.00000,   0.00000
 122.28960,   0.00000,   0.00000,   0.00000
 122.66400,   0.00000,   0.00000,   0.00000
 123.03840,   0.00000,   0.00000,   0.00000
 123.41280,   0.00000,   0.00000,   0.00000
 123.78720,   0.00000,   0.00000,   0.00000
 124.16160,   0.00000,   0.00000,   0.00000
 124.53600,   0.00000,   0.00000,   0.00000
 124.91040,   0.00000,   0.00000,   0.00000
 125.28480,   0.00000,   0.00000,   0.00000
 125.65920,   0.00000,   0.00000,   0.00000
 126.03360,   0.00000,   0.00000,   0.00000
 126.40800,   0.00000,   0.00000,   0.00000
 126.78240,   0.00000,   0.00000,   0.00000
 127.15680,   0.00000,   0.00000,   0.00000
 127.53120,   0.00000,   0.00000,   0.00000
 127.90560,   0.00000,   0.00000,   0.00000
 128.28000,   0.00000,   0.00000,   0.00000
 128.65440,   0.00000,   0.00000,   0.00000
 129.02880,   0.00000,   0.00000,   0.00000
 129.40320,   0.00000,   0.00000,   0.00000
 129.77760,   0.00000,   0.00000,   0.00000
 130.15200,   0.00000,   0.00000,   0.00000
 130.52640,   0.00000,   0.00000,   0.00000
 130.90080,   0.00000,   0.00000,   0.00000
 131.27520,   0.00000,   0.00000,   0.00000
 131.64960,   0.00000,   0.00000,   0.00000
 132.02400,   0.00000,   0.00000,   0.00000
 132.39840,   0.00000,   0.00000,   0.00000
 132.77280,   0.00000,   0.00000,   0.00000
 133.14720,   0.00000,   0.00000,   0.00000
 133.52160,   0.00000,   0.00000,   0.00000
 133.89600,   0.00000,   0.00000,   0.00000
 134.27040,   0.00000,   0.00000,   0.00000
 134.64480,   0.00000,   0.00000,   0.00000
 135.01920,   0.00000,   0.00000,   0.00000
 135.39360,   0.00000,   0.00000,   0.00000
 135.76800,   0.00000,   0.00000,   0.00000
 136.14240,   0.00000,   0.00000,   0.00000
 136.51680,   0.00000,   0.00000,   0.00000
 136.89120,   0.00000,   0.00000,   0.00000
 137.26560,   0.00000,   0.00000,   0.00000
 137.64000,   0.00000,   0.00000,   0.00000
 138.01440,   0.00000,   0.00000,   0.00000
 138.38880,   0.00000,   0.00000,   0.00000
 138.76320,   0.00000,   0.00000,   0.00000
 139.13760,   0.00000,   0.00000,   0.00000
 139.51200,   0.00000,   0.00000,   0.00000
 139.88640,   0.00000,   0.00000,   0.00000
 140.26080,   0.00000,   0.00000,   0.00000
 140.63520,   0.00000,   0.00000,   0.00000
 141.00960,   0.00000,   0.00000,   0.00000
 141.38400,   0.00000,   0.00000,   0.00000
 141.75840,   0.00000,   0.00000,   0.00000
 142.13280,   0.00000,   0.00000,   0.00000
 142.50720,   0.00000,   0.00000,   0.00000
 142.88160,   0.00000,   0.00000,   0.00000
 143.25600,   0.00000,   0.00000,   0.00000
 143.63040,   0.00000,   0.00000,   0.00000
 144.00480,   0.00000,   0.00000,   0.00000
 144.37920,   0.00000,   0.00000,   0.00000
 144.75360,   0.00000,   0.00000,   0.00000
 145.12800,   0.00000,   0.00000,   0.00000
 145.50240,   0.00000,   0.00000,   0.00000
 145.87680,   0.00000,   0.00000,   0.00000
 146.25120,   0.00000,   0.00000,   0.00000
 146.62560,   0.00000,   0.00000,   0.00000
 147.00000,   0.00000,   0.00000,   0.00000
 147.37440,   0.00000,   0.00000,   0.00000
 147.74880,   0.00000,   0.00000,   0.00000
 148.12320,   0.00000,   0.00000,   0.00000
 148.49760,   0.00000,   0.00000,   0.00000
 148.87200,   0.00000,   0.00000,   0.00000
 149.24640,   0.00000,   0.00000,   0.00000
 149.62080,   0.00000,   0.00000,   0.00000
 149.99520,   0.00000,   0.00000,   0.00000
 150.36960,   0.00000,   0.00000,   0.00000
 150.74400,   0.00000,   0.00000,   0.00000
 151.11840,   0.00000,   0.00000,   0.00000
 151.49280,   0.00000,   0.00000,   0.00000
 151.86720,   0.00000,   0.00000,   0.00000
 152.24160,   0.00000,   0.00000,   0.00000
 152.61600,   0.00000,   0.00000,   0.00000
 152.99040,   0.00000,   0.00000,   0.00000
 153.36480,   0.00000,   0.00000,   0.00000
 153.73920,   0.00000,   0.00000,   0.00000
 154.11360,   0.00000,   0.00000,   0.00000
 154.48800,   0.00000,   0.00000,   0.00000
 154.86240,   0.00000,   0.00000,   0.00000
 155.23680,   0.00000,   0.00000,   0.00000
 155.61120,   0.00000,   0.00000,   0.00000
 155.98560,   0.00000,   0.00000,   0.00000
 156.36000,   0.00000,   0.00000,   0.00000
 156.73440,   0.00000,   0.00000,   0.00000
 157.10880,   0.00000,   0.00000,   0.00000
 157.48320,   0.00000,   0.00000,   0.00000
 157.85760,   0.00000,   0.00000,   0.00000
 158.23200,   0.00000,   0.00000,   0.00000
 158.60640,   0.00000,   0.00000,   0.00000
 158.98080,   0.00000,   0.00000,   0.00000
 159.35520,   0.00000,   0.00000,   0.00000
 159.72960,   0.00000,   0.00000,   0.00000
 160.10400,   0.00000,   0.00000,   0.00000
 160.47840,   0.00000,   0.00000,   0.00000
 160.85280,   0.00000,   0.00000,   0.00000
 161.22720,   0.00000,   0.00000,   0.00000
 161.60160,   0.00000,   0.00000,   0.00000
 161.97600,   0.00000,   0.00000,   0.00000
 162.35040,   0.00000,   0.00000,   0.00000
 162.72480,   0.00000,   0.00000,   0.00000
 163.09920,   0.00000,   0.00000,   0.00000
 163.47360,   0.00000,   0.00000,   0.00000
 163.84800,   0.00000,   0.00000,   0.00000
 164.22240,   0.00000,   0.00000,   0.00000
 164.59680,   0.00000,   0.00000,   0.00000
 164.97120,   0.00000,   0.00000,   0.00000
 165.34560,   0.00000,   0.00000,   0.00000
 165.72000,   0.00000,   0.00000,   0.00000
 166.09440,   0.00000,   0.00000,   0.00000
 166.46880,   0.00000,   0.00000,   0.00000
 166.84320,   0.00000,   0.00000,   0.00000
 167.21760,   0.00000,   0.00000,   0.00000
 167.59200,   0.00000,   0.00000,   0.00000
 167.96640,   0.00000,   0.00000,   0.00000
 168.34080,   0.00000,   0.00000,   0.00000
 168.71520,   0.00000,   0.00000,   0.00000
 169.08960,   0.00000,   0.00000,   0.00000
 169.46400,   0.00000,   0.00000,   0.00000
 169.83840,   0.00000,   0.00000,   0.00000
 170.21280,   0.00000,   0.00000,   0.00000
 170.58720,   0.00000,   0.00000,   0.00000
 170.96160,   0.00000,   0.00000,   0.00000
 171.33600,   0.00000,   0.00000,   0.00000
 171.71040,   0.00000,   0.00000,   0.00000
